global_seconds,header_x,header_y,header_width,header_height,body_x,body_y,body_width,body_height
18.8,1066,214,374,80,1066,296,374,72
18.8333,1066,214,374,80,1066,296,374,72
18.8667,1066,214,374,80,1066,296,374,72
18.9,1066,214,374,80,1066,296,374,72
18.9333,1066,214,374,80,1066,296,374,72
18.9667,1066,214,374,80,1066,296,374,72
19.0,1066,214,374,80,1066,296,374,72
19.0333,1066,214,374,80,1066,296,374,72
19.0667,1066,214,374,80,1066,296,374,72
19.1,1048,187,411,79,1048,268,411,142
19.1333,1032,162,449,80,1032,244,450,210
19.1667,1032,162,449,80,1032,244,450,210
19.2,1028,155,462,80,1028,237,462,233
19.2333,1028,150,470,80,1027,232,471,250
19.2667,1027,148,480,78,1027,229,481,267
19.3,1027,148,480,78,1027,229,481,267
19.3333,1028,147,485,79,1027,228,487,276
19.3667,1028,146,488,80,1028,228,489,282
19.4,1030,148,490,80,1029,230,492,286
19.4333,1030,150,492,80,1030,231,493,289
19.4667,1032,152,494,78,1032,233,494,291
19.5,1033,154,495,80,1032,236,497,294
19.5333,1034,157,496,79,1034,238,497,296
19.5667,1034,157,496,79,1034,238,497,296
19.6,1036,158,495,80,1036,240,496,296
19.6333,1036,160,496,80,1036,242,497,296
19.6667,1038,162,496,80,1036,244,499,296
19.7,1038,164,496,79,1037,246,499,296
19.7333,1038,165,497,80,1038,248,498,294
19.7667,1040,168,496,78,1038,250,499,296
19.8,1040,168,496,80,1038,250,499,298
19.8333,1040,170,497,80,1039,252,498,298
19.8667,1040,172,497,78,1040,252,498,298
19.9,1040,172,497,80,1040,254,498,298
19.9333,1040,174,498,80,1040,256,499,298
19.9667,1040,174,498,80,1040,256,499,298
20.0,1042,174,496,82,1040,258,499,298
20.0333,1042,176,496,80,1040,258,499,298
20.0667,1042,176,497,80,1040,259,499,297
20.1,1042,178,497,80,1040,260,500,298
20.1333,1042,178,497,80,1041,260,499,298
20.1667,1042,178,497,80,1041,260,499,298
20.2,1042,179,497,81,1041,261,499,299
20.2333,1042,180,497,80,1042,262,498,298
20.2667,1042,180,497,80,1042,262,498,298
